questionID,grammar_pred,content_pred,cefr_pred
51,5,4,C2
55,5,4,C1
56,4,4,C1
55,4,4,C1
53,4,4,C1
54,4,3,B2
59,3,4,B2
58,4,4,C1
51,4,3,C1
53,3,4,B2
52,4,3,C1
59,4,4,C1
52,4,4,C1
50,4,4,C1
57,4,3,C1
55,4,3,B2
53,2,3,B1
59,3,4,B2
51,4,4,C1
56,5,3,C2
54,4,4,C1
50,4,3,C1
56,5,4,C1
57,3,4,B2
55,4,3,B2
59,3,4,B2
56,5,4,C2
59,4,4,C1
53,4,4,B2
54,3,4,B2
56,4,3,C1
54,4,3,B2
55,3,3,B2
56,5,4,C1
52,3,4,C1
57,3,3,B2
50,4,3,C1
54,4,4,C1
52,2,3,B1
54,4,3,C1
57,3,3,B1
56,5,3,C1
53,3,3,B1
58,4,3,B2
52,3,3,B1
54,4,2,B2
51,4,2,B2
51,3,3,B2
55,3,3,B2
53,3,3,B1
53,3,2,B1
56,4,2,B2
61,3,3,B2
60,4,4,C1
63,4,2,B2
63,3,2,B2
63,3,2,B1
67,4,3,C1
60,4,2,B2
69,4,3,C1
63,4,3,C1
63,4,3,B2
61,3,3,B2
64,4,3,C1
69,2,2,A2
63,4,2,B2
61,3,2,B1
68,4,3,C1
63,3,2,B1
64,4,3,B2
65,4,3,B2
61,4,4,C1
67,4,2,B2
61,5,4,C2
69,3,3,B2
61,4,3,B2
63,4,2,B2
61,4,3,C1
60,3,2,B1
66,3,3,B2
61,5,4,C2
60,4,3,C1
60,2,1,A2
63,3,2,B1
66,3,3,B2
63,4,2,B1
60,4,3,B2
64,5,4,C2
67,4,2,B2
62,4,3,C1
63,3,2,B1
63,2,2,A2
63,3,4,B2
64,4,3,B2
69,4,3,B2
67,4,2,B2
65,4,2,B2
64,4,2,B1
67,4,2,B2
69,4,2,B2
64,4,2,B2
60,4,2,B2
69,4,2,B2
60,3,2,B1
60,3,2,B1
61,2,1,A2
68,3,1,A2
63,2,1,A2
67,3,1,A2
60,2,1,A2
63,4,2,B2
61,2,1,A2
35,4,2,B1
37,4,3,C1
31,3,3,B2
33,5,4,C1
36,5,3,C1
33,4,4,C1
39,2,3,B1
38,3,4,B2
33,2,2,A2
38,4,2,B2
31,2,3,B1
33,4,2,B1
36,3,3,B2
32,3,3,B1
39,4,2,B2
33,3,3,B1
32,3,4,B2
36,4,2,B2
30,4,3,B2
37,3,2,B1
36,4,2,B2
33,3,3,B1
32,4,3,C1
36,5,4,C1
39,4,2,B1
39,4,4,C1
33,3,4,B2
33,3,2,B1
32,4,2,B2
32,4,3,B2
30,4,4,C1
35,3,2,A2
31,3,1,A2
35,2,1,A2
36,4,2,B2
36,4,3,B2
31,4,2,B1
32,4,4,C1
38,3,4,B2
30,5,3,C1
34,3,2,B1
35,2,2,A2
31,2,2,A2
30,4,4,C1
30,5,4,C1
34,4,3,B2
37,4,4,C2
37,4,3,C1
34,2,3,B1
34,3,3,B1
33,4,3,C1
32,3,1,A2
32,2,3,A2
36,4,3,B2
33,4,2,B1
37,3,2,B1
31,3,1,A2
33,3,3,B2
35,4,2,B1
31,4,3,B2
31,3,2,A2
34,3,3,B2
35,4,2,B1
38,3,2,B1
30,5,3,C1
35,4,2,B1
33,3,1,A2
41,3,3,B2
45,3,2,B1
44,2,2,A2
47,3,3,B1
41,3,3,B1
40,4,2,B1
44,2,2,A2
46,2,3,B1
40,4,3,B2
47,4,3,B2
49,3,2,B1
47,3,3,B2
47,4,3,C1
42,4,3,B2
46,3,4,B2
47,4,3,C1
49,4,4,C1
41,3,2,B1
49,3,3,B2
45,3,3,B2
41,4,3,C1
45,2,3,A2
40,3,3,B2
41,4,3,B2
40,4,2,B1
43,3,2,B1
49,3,4,B2
44,3,3,B1
41,3,3,B1
42,3,2,B1
43,3,3,B2
40,3,3,B2
42,2,1,A2
46,4,4,C1
42,3,2,B1
42,3,2,B1
47,2,3,A2
46,3,3,B2
44,1,2,A2
42,1,2,A2
42,1,1,A2
47,2,1,A2
40,3,3,B2
46,4,4,C1
47,4,3,C1
43,3,2,B1
49,3,2,B1
45,3,2,B1
40,3,2,B1
44,4,3,B2
42,3,3,B2
40,3,2,B1
49,2,3,B1
44,2,3,A2
42,1,2,A2
42,3,3,B2
43,3,2,B1
40,4,3,B2
43,3,4,B2
41,4,3,C1
49,3,4,B2
43,4,3,B2
49,4,4,C1
44,4,3,B2
46,3,4,C1
48,4,4,C1
44,3,3,B2
47,4,4,C1
49,3,4,B2
43,4,3,B2
45,3,2,B1
41,4,3,C1
41,4,3,B2
44,4,3,B2
44,4,3,B2
41,3,1,A2
44,3,2,B1
41,3,2,B1
44,3,4,C1
49,3,4,B2
25,4,4,C1
22,4,3,C2
28,4,3,C1
20,3,3,C1
21,3,4,B2
28,3,4,C1
23,3,4,B2
22,3,3,C1
23,2,2,B1
29,3,3,B2
28,4,4,C2
22,3,2,B1
23,3,3,B2
21,4,3,C1
24,3,2,B1
20,3,3,B2
26,4,4,C1
22,4,4,C1
23,3,3,B1
24,3,4,B2
20,3,3,B2
29,4,4,C2
25,4,4,C1
21,3,3,B2
21,4,3,C1
22,4,3,C1
28,4,4,C1
25,3,3,B2
23,3,3,B2
26,4,4,C1
22,5,4,C2
21,3,3,C1
22,4,3,C1
27,3,2,B1
26,3,3,C1
28,3,4,C1
29,4,4,C2
22,3,3,B2
26,3,3,B2
24,3,2,B1
20,3,3,B1
24,3,2,B1
20,3,3,B2
28,3,3,C1
24,4,2,B2
24,4,1,A2
23,4,3,C1
22,4,4,C1
21,4,4,C1
28,4,4,C2
